layer,subpath,op_type,medianMs,name80
model.0,conv,conv+SiLU fused,0.01664,"/model.0/conv/Conv + PWN(PWN(/model.0/act/Sigmoid), PWN(/model.0/act/Mul))"
model.0,conv,reformat/copy,0.013792,Reformatting CopyNode for Input Tensor 0 to /model.0/conv/Conv + PWN(PWN(/model.
model.1,conv,conv+SiLU fused,0.012608,"/model.1/conv/Conv + PWN(PWN(/model.1/act/Sigmoid), PWN(/model.1/act/Mul))"
model.10,m,attention,0.018784,/model.10/m/m.0/attn/MatMul_1
model.10,m,attention,0.011232,/model.10/m/m.0/attn/MatMul
model.10,m,conv only,0.0104,/model.10/m/m.0/attn/qkv/conv/Conv
model.10,m,attention,0.009184,/model.10/m/m.0/attn/Softmax
model.10,m,conv only,0.009024,/model.10/m/m.0/attn/pe/conv/Conv + /model.10/m/m.0/attn/Add
model.10,m,reformat/copy,0.008672,Reformatting CopyNode for Input Tensor 0 to /model.10/m/m.0/attn/proj/conv/Conv 
model.10,cv1,conv+SiLU fused,0.008544,"/model.10/cv1/conv/Conv + PWN(PWN(/model.10/cv1/act/Sigmoid), PWN(/model.10/cv1/"
model.10,m,conv only,0.008448,/model.10/m/m.0/ffn/ffn.1/conv/Conv + /model.10/m/m.0/Add_1
model.10,cv2,conv+SiLU fused,0.008352,"/model.10/cv2/conv/Conv + PWN(PWN(/model.10/cv2/act/Sigmoid), PWN(/model.10/cv2/"
model.10,m,conv only,0.008288,/model.10/m/m.0/attn/proj/conv/Conv + /model.10/m/m.0/Add
model.10,m,conv+SiLU fused,0.008224,/model.10/m/m.0/ffn/ffn.0/conv/Conv + PWN(PWN(/model.10/m/m.0/ffn/ffn.0/act/Sigm
model.10,m,attention,0.006432,/model.10/m/m.0/attn/Constant_1_output_0 + ONNXTRT_Broadcast + /model.10/m/m.0/a
model.10,m,attention,0.0064,/model.10/m/m.0/attn/Constant_1_output_0_clone_1 + ONNXTRT_Broadcast_46 + /model
model.10,Split_output_0,reformat/copy,0.006112,/model.10/Split_output_0 copy
model.10,cv2,reformat/copy,0.006112,/model.10/cv2/act/Mul_output_0 copy
model.10,Split_13,resize/concat,0.006048,/model.10/Split_13
model.10,m,attention,0.005984,/model.10/m/m.0/attn/Split_18
model.10,m,reformat/copy,0.00592,Reformatting CopyNode for Input Tensor 0 to /model.10/m/m.0/attn/Constant_1_outp
model.10,m,reformat/copy,0.00592,/model.10/m/m.0/Add_1_output_0 copy
model.10,m,attention,0.005888,/model.10/m/m.0/attn/Split_16
model.10,m,reformat/copy,0.005856,Reformatting CopyNode for Input Tensor 0 to /model.10/m/m.0/attn/Constant_1_outp
model.10,m,attention,0.0,/model.10/m/m.0/attn/Reshape
model.10,m,attention,0.0,/model.10/m/m.0/attn/Reshape_2
model.10,m,attention,0.0,/model.10/m/m.0/attn/Reshape_1
model.11,Resize,resize/concat,0.006976,/model.11/Resize
model.11,Resize_output_0,reformat/copy,0.006688,/model.11/Resize_output_0 copy
model.13,cv1,conv+SiLU fused,0.009408,"/model.13/cv1/conv/Conv + PWN(PWN(/model.13/cv1/act/Sigmoid), PWN(/model.13/cv1/"
model.13,m,conv+SiLU fused,0.009312,/model.13/m.0/m/m.0/cv1/conv/Conv + PWN(PWN(/model.13/m.0/m/m.0/cv1/act/Sigmoid)
model.13,m,conv only,0.009184,/model.13/m.0/m/m.0/cv2/conv/Conv
model.13,m,conv+SiLU fused,0.009024,/model.13/m.0/m/m.1/cv1/conv/Conv + PWN(PWN(/model.13/m.0/m/m.1/cv1/act/Sigmoid)
model.13,m,conv only,0.008832,/model.13/m.0/m/m.1/cv2/conv/Conv
model.13,cv2,conv+SiLU fused,0.008704,"/model.13/cv2/conv/Conv + PWN(PWN(/model.13/cv2/act/Sigmoid), PWN(/model.13/cv2/"
model.13,m,conv+SiLU fused,0.008416,"/model.13/m.0/cv3/conv/Conv + PWN(PWN(/model.13/m.0/cv3/act/Sigmoid), PWN(/model"
model.13,m,conv+SiLU fused,0.008192,"/model.13/m.0/cv2/conv/Conv + PWN(PWN(/model.13/m.0/cv2/act/Sigmoid), PWN(/model"
model.13,m,conv+SiLU fused,0.008,"/model.13/m.0/cv1/conv/Conv + PWN(PWN(/model.13/m.0/cv1/act/Sigmoid), PWN(/model"
model.13,m,standalone SiLU,0.00688,"PWN(PWN(PWN(/model.13/m.0/m/m.1/cv2/act/Sigmoid), PWN(/model.13/m.0/m/m.1/cv2/ac"
model.13,m,standalone SiLU,0.006656,"PWN(PWN(PWN(/model.13/m.0/m/m.0/cv2/act/Sigmoid), PWN(/model.13/m.0/m/m.0/cv2/ac"
model.13,cv2,reformat/copy,0.006368,/model.13/cv2/act/Mul_output_0 copy
model.13,Split_output_0,reformat/copy,0.006144,/model.13/Split_output_0 copy
model.13,Split_output_1,reformat/copy,0.006112,/model.13/Split_output_1 copy
model.14,Resize_output_0,reformat/copy,0.007232,/model.14/Resize_output_0 copy
model.14,Resize,resize/concat,0.0072,/model.14/Resize
model.16,m,conv only,0.010016,/model.16/m.0/m/m.0/cv1/conv/Conv
model.16,cv1,conv+SiLU fused,0.009536,"/model.16/cv1/conv/Conv + PWN(PWN(/model.16/cv1/act/Sigmoid), PWN(/model.16/cv1/"
model.16,m,conv only,0.009312,/model.16/m.0/m/m.1/cv2/conv/Conv
model.16,m,conv only,0.00928,/model.16/m.0/m/m.0/cv2/conv/Conv
model.16,m,conv only,0.00928,/model.16/m.0/m/m.1/cv1/conv/Conv
model.16,m,reformat/copy,0.008992,Reformatting CopyNode for Output Tensor 0 to /model.16/m.0/cv2/conv/Conv + PWN(P
model.16,cv2,conv+SiLU fused,0.008992,"/model.16/cv2/conv/Conv + PWN(PWN(/model.16/cv2/act/Sigmoid), PWN(/model.16/cv2/"
model.16,m,conv+SiLU fused,0.00848,"/model.16/m.0/cv2/conv/Conv + PWN(PWN(/model.16/m.0/cv2/act/Sigmoid), PWN(/model"
model.16,m,conv+SiLU fused,0.00848,"/model.16/m.0/cv3/conv/Conv + PWN(PWN(/model.16/m.0/cv3/act/Sigmoid), PWN(/model"
model.16,m,conv+SiLU fused,0.008448,"/model.16/m.0/cv1/conv/Conv + PWN(PWN(/model.16/m.0/cv1/act/Sigmoid), PWN(/model"
model.16,m,standalone SiLU,0.00768,"PWN(PWN(PWN(/model.16/m.0/m/m.0/cv2/act/Sigmoid), PWN(/model.16/m.0/m/m.0/cv2/ac"
model.16,m,standalone SiLU,0.007424,"PWN(PWN(PWN(/model.16/m.0/m/m.1/cv2/act/Sigmoid), PWN(/model.16/m.0/m/m.1/cv2/ac"
model.16,m,standalone SiLU,0.007136,"PWN(PWN(/model.16/m.0/m/m.0/cv1/act/Sigmoid), PWN(/model.16/m.0/m/m.0/cv1/act/Mu"
model.16,m,standalone SiLU,0.007136,"PWN(PWN(/model.16/m.0/m/m.1/cv1/act/Sigmoid), PWN(/model.16/m.0/m/m.1/cv1/act/Mu"
model.16,Split_output_0,reformat/copy,0.006368,/model.16/Split_output_0 copy
model.16,m,reformat/copy,0.006336,Reformatting CopyNode for Input Tensor 0 to /model.16/m.0/cv2/conv/Conv + PWN(PW
model.16,Split_output_1,reformat/copy,0.006112,/model.16/Split_output_1 copy
model.17,conv,conv+SiLU fused,0.00976,"/model.17/conv/Conv + PWN(PWN(/model.17/act/Sigmoid), PWN(/model.17/act/Mul))"
model.19,m,conv+SiLU fused,0.009248,/model.19/m.0/m/m.0/cv1/conv/Conv + PWN(PWN(/model.19/m.0/m/m.0/cv1/act/Sigmoid)
model.19,m,conv only,0.009248,/model.19/m.0/m/m.0/cv2/conv/Conv
model.19,m,conv+SiLU fused,0.008992,/model.19/m.0/m/m.1/cv1/conv/Conv + PWN(PWN(/model.19/m.0/m/m.1/cv1/act/Sigmoid)
model.19,cv1,conv+SiLU fused,0.00896,"/model.19/cv1/conv/Conv + PWN(PWN(/model.19/cv1/act/Sigmoid), PWN(/model.19/cv1/"
model.19,cv2,conv+SiLU fused,0.008768,"/model.19/cv2/conv/Conv + PWN(PWN(/model.19/cv2/act/Sigmoid), PWN(/model.19/cv2/"
model.19,m,conv only,0.008736,/model.19/m.0/m/m.1/cv2/conv/Conv
model.19,m,conv+SiLU fused,0.00848,"/model.19/m.0/cv3/conv/Conv + PWN(PWN(/model.19/m.0/cv3/act/Sigmoid), PWN(/model"
model.19,m,conv+SiLU fused,0.008224,"/model.19/m.0/cv2/conv/Conv + PWN(PWN(/model.19/m.0/cv2/act/Sigmoid), PWN(/model"
model.19,m,conv+SiLU fused,0.007968,"/model.19/m.0/cv1/conv/Conv + PWN(PWN(/model.19/m.0/cv1/act/Sigmoid), PWN(/model"
model.19,m,standalone SiLU,0.00688,"PWN(PWN(PWN(/model.19/m.0/m/m.1/cv2/act/Sigmoid), PWN(/model.19/m.0/m/m.1/cv2/ac"
model.19,m,standalone SiLU,0.006624,"PWN(PWN(PWN(/model.19/m.0/m/m.0/cv2/act/Sigmoid), PWN(/model.19/m.0/m/m.0/cv2/ac"
model.19,Split_output_0,reformat/copy,0.006112,/model.19/Split_output_0 copy
model.19,Split_output_1,reformat/copy,0.006112,/model.19/Split_output_1 copy
model.2,m,conv+SiLU fused,0.015264,"/model.2/m.0/cv2/conv/Conv + PWN(PWN(PWN(/model.2/m.0/cv2/act/Sigmoid), PWN(/mod"
model.2,m,conv+SiLU fused,0.011936,"/model.2/m.0/cv1/conv/Conv + PWN(PWN(/model.2/m.0/cv1/act/Sigmoid), PWN(/model.2"
model.2,cv2,conv+SiLU fused,0.011808,"/model.2/cv2/conv/Conv + PWN(PWN(/model.2/cv2/act/Sigmoid), PWN(/model.2/cv2/act"
model.2,Split_1,resize/concat,0.010784,/model.2/Split_1
model.2,cv1,conv+SiLU fused,0.00976,"/model.2/cv1/conv/Conv + PWN(PWN(/model.2/cv1/act/Sigmoid), PWN(/model.2/cv1/act"
model.2,cv2,reformat/copy,0.008768,Reformatting CopyNode for Input Tensor 0 to /model.2/cv2/conv/Conv + PWN(PWN(/mo
model.2,Split_output_0,reformat/copy,0.008608,/model.2/Split_output_0 copy
model.2,Split_output_1,reformat/copy,0.00704,/model.2/Split_output_1 copy
model.2,m,reformat/copy,0.006976,/model.2/m.0/Add_output_0 copy
model.20,conv,conv+SiLU fused,0.010816,"/model.20/conv/Conv + PWN(PWN(/model.20/act/Sigmoid), PWN(/model.20/act/Mul))"
model.22,m,attention,0.01872,/model.22/m.0/m.0.1/attn/MatMul_1
model.22,m,attention,0.011296,/model.22/m.0/m.0.1/attn/MatMul
model.22,m,conv+SiLU fused,0.010528,/model.22/m.0/m.0.0/cv1/conv/Conv + PWN(PWN(/model.22/m.0/m.0.0/cv1/act/Sigmoid)
model.22,m,conv only,0.010528,/model.22/m.0/m.0.1/attn/qkv/conv/Conv
model.22,m,conv only,0.009504,/model.22/m.0/m.0.0/cv2/conv/Conv
model.22,m,attention,0.009216,/model.22/m.0/m.0.1/attn/Softmax
model.22,m,conv only,0.008992,/model.22/m.0/m.0.1/attn/pe/conv/Conv + /model.22/m.0/m.0.1/attn/Add
model.22,cv2,conv+SiLU fused,0.008768,"/model.22/cv2/conv/Conv + PWN(PWN(/model.22/cv2/act/Sigmoid), PWN(/model.22/cv2/"
model.22,cv1,conv+SiLU fused,0.008736,"/model.22/cv1/conv/Conv + PWN(PWN(/model.22/cv1/act/Sigmoid), PWN(/model.22/cv1/"
model.22,m,reformat/copy,0.008736,Reformatting CopyNode for Input Tensor 0 to /model.22/m.0/m.0.1/attn/proj/conv/C
model.22,m,conv only,0.00848,/model.22/m.0/m.0.1/ffn/ffn.1/conv/Conv + /model.22/m.0/m.0.1/Add_1
model.22,m,conv only,0.008224,/model.22/m.0/m.0.1/attn/proj/conv/Conv + /model.22/m.0/m.0.1/Add
model.22,m,conv+SiLU fused,0.008224,/model.22/m.0/m.0.1/ffn/ffn.0/conv/Conv + PWN(PWN(/model.22/m.0/m.0.1/ffn/ffn.0/
model.22,m,standalone SiLU,0.007136,"PWN(PWN(PWN(/model.22/m.0/m.0.0/cv2/act/Sigmoid), PWN(/model.22/m.0/m.0.0/cv2/ac"
model.22,Split_output_0,reformat/copy,0.006112,/model.22/Split_output_0 copy
model.22,Split_output_1,reformat/copy,0.006112,/model.22/Split_output_1 copy
model.22,m,reformat/copy,0.006112,/model.22/m.0/m.0.1/Add_1_output_0 copy
model.22,m,attention,0.00592,/model.22/m.0/m.0.1/attn/Split_44
model.22,m,attention,0.005856,/model.22/m.0/m.0.1/attn/Split_42
model.22,m,attention,0.0,/model.22/m.0/m.0.1/attn/Reshape
model.22,m,attention,0.0,/model.22/m.0/m.0.1/attn/Reshape_2
model.22,m,attention,0.0,/model.22/m.0/m.0.1/attn/Reshape_1
model.23,one2one_cv2,conv+SiLU fused,0.012864,/model.23/one2one_cv2.2/one2one_cv2.2.0/conv/Conv + PWN(PWN(/model.23/one2one_cv
model.23,one2one_cv2,conv only,0.01104,/model.23/one2one_cv2.2/one2one_cv2.2.1/conv/Conv
model.23,one2one_cv2,conv+SiLU fused,0.010816,/model.23/one2one_cv2.0/one2one_cv2.0.0/conv/Conv + PWN(PWN(/model.23/one2one_cv
model.23,one2one_cv2,conv+SiLU fused,0.010784,/model.23/one2one_cv2.1/one2one_cv2.1.0/conv/Conv + PWN(PWN(/model.23/one2one_cv
model.23,one2one_cv2,conv only,0.010784,/model.23/one2one_cv2.1/one2one_cv2.1.1/conv/Conv
model.23,one2one_cv2,conv only,0.010048,/model.23/one2one_cv2.0/one2one_cv2.0.1/conv/Conv
model.23,one2one_cv3,conv only,0.009728,/model.23/one2one_cv3.2/one2one_cv3.2.2/Conv
model.23,one2one_cv2,conv only,0.009504,/model.23/one2one_cv2.0/one2one_cv2.0.2/Conv
model.23,one2one_cv3,conv only,0.009504,/model.23/one2one_cv3.0/one2one_cv3.0.2/Conv
model.23,one2one_cv3,conv only,0.009248,/model.23/one2one_cv3.1/one2one_cv3.1.2/Conv
model.23,one2one_cv3,conv+SiLU fused,0.009024,/model.23/one2one_cv3.0/one2one_cv3.0.0/one2one_cv3.0.0.1/conv/Conv + PWN(PWN(/m
model.23,one2one_cv3,conv+SiLU fused,0.009024,/model.23/one2one_cv3.0/one2one_cv3.0.1/one2one_cv3.0.1.1/conv/Conv + PWN(PWN(/m
model.23,one2one_cv3,conv+SiLU fused,0.008704,/model.23/one2one_cv3.0/one2one_cv3.0.1/one2one_cv3.0.1.0/conv/Conv + PWN(PWN(/m
model.23,one2one_cv3,conv+SiLU fused,0.008448,/model.23/one2one_cv3.0/one2one_cv3.0.0/one2one_cv3.0.0.0/conv/Conv + PWN(PWN(/m
model.23,one2one_cv3,conv+SiLU fused,0.008416,/model.23/one2one_cv3.2/one2one_cv3.2.0/one2one_cv3.2.0.0/conv/Conv + PWN(PWN(/m
model.23,one2one_cv3,conv+SiLU fused,0.008416,/model.23/one2one_cv3.1/one2one_cv3.1.1/one2one_cv3.1.1.0/conv/Conv + PWN(PWN(/m
model.23,one2one_cv3,conv+SiLU fused,0.008256,/model.23/one2one_cv3.1/one2one_cv3.1.0/one2one_cv3.1.0.1/conv/Conv + PWN(PWN(/m
model.23,one2one_cv3,conv+SiLU fused,0.008224,/model.23/one2one_cv3.2/one2one_cv3.2.0/one2one_cv3.2.0.1/conv/Conv + PWN(PWN(/m
model.23,one2one_cv3,conv+SiLU fused,0.00816,/model.23/one2one_cv3.1/one2one_cv3.1.0/one2one_cv3.1.0.0/conv/Conv + PWN(PWN(/m
model.23,one2one_cv3,conv+SiLU fused,0.007968,/model.23/one2one_cv3.2/one2one_cv3.2.1/one2one_cv3.2.1.1/conv/Conv + PWN(PWN(/m
model.23,one2one_cv3,conv+SiLU fused,0.007936,/model.23/one2one_cv3.1/one2one_cv3.1.1/one2one_cv3.1.1.1/conv/Conv + PWN(PWN(/m
model.23,one2one_cv3,conv+SiLU fused,0.007904,/model.23/one2one_cv3.2/one2one_cv3.2.1/one2one_cv3.2.1.0/conv/Conv + PWN(PWN(/m
model.23,one2one_cv2,conv only,0.007456,/model.23/one2one_cv2.1/one2one_cv2.1.2/Conv
model.23,one2one_cv2,conv only,0.007168,/model.23/one2one_cv2.2/one2one_cv2.2.2/Conv
model.23,one2one_cv2,standalone SiLU,0.007136,"PWN(PWN(/model.23/one2one_cv2.0/one2one_cv2.0.1/act/Sigmoid), PWN(/model.23/one2"
model.23,one2one_cv2,standalone SiLU,0.006368,"PWN(PWN(/model.23/one2one_cv2.2/one2one_cv2.2.1/act/Sigmoid), PWN(/model.23/one2"
model.23,one2one_cv2,standalone SiLU,0.006112,"PWN(PWN(/model.23/one2one_cv2.1/one2one_cv2.1.1/act/Sigmoid), PWN(/model.23/one2"
model.3,conv,conv+SiLU fused,0.011424,"/model.3/conv/Conv + PWN(PWN(/model.3/act/Sigmoid), PWN(/model.3/act/Mul))"
model.4,m,conv+SiLU fused,0.011456,"/model.4/m.0/cv2/conv/Conv + PWN(PWN(PWN(/model.4/m.0/cv2/act/Sigmoid), PWN(/mod"
model.4,cv2,conv+SiLU fused,0.010144,"/model.4/cv2/conv/Conv + PWN(PWN(/model.4/cv2/act/Sigmoid), PWN(/model.4/cv2/act"
model.4,m,conv+SiLU fused,0.010112,"/model.4/m.0/cv1/conv/Conv + PWN(PWN(/model.4/m.0/cv1/act/Sigmoid), PWN(/model.4"
model.4,cv1,conv+SiLU fused,0.009024,"/model.4/cv1/conv/Conv + PWN(PWN(/model.4/cv1/act/Sigmoid), PWN(/model.4/cv1/act"
model.4,cv2,reformat/copy,0.0072,/model.4/cv2/act/Mul_output_0 copy
model.4,Split_output_0,reformat/copy,0.006336,/model.4/Split_output_0 copy
model.4,Split_4,resize/concat,0.006304,/model.4/Split_4
model.4,Split_output_1,reformat/copy,0.006144,/model.4/Split_output_1 copy
model.4,m,reformat/copy,0.006144,/model.4/m.0/Add_output_0 copy
model.5,conv,conv+SiLU fused,0.012096,"/model.5/conv/Conv + PWN(PWN(/model.5/act/Sigmoid), PWN(/model.5/act/Mul))"
model.6,m,conv+SiLU fused,0.009312,"/model.6/m.0/m/m.0/cv1/conv/Conv + PWN(PWN(/model.6/m.0/m/m.0/cv1/act/Sigmoid), "
model.6,m,conv only,0.009152,/model.6/m.0/m/m.0/cv2/conv/Conv
model.6,m,conv+SiLU fused,0.009024,"/model.6/m.0/m/m.1/cv1/conv/Conv + PWN(PWN(/model.6/m.0/m/m.1/cv1/act/Sigmoid), "
model.6,m,conv only,0.008832,/model.6/m.0/m/m.1/cv2/conv/Conv
model.6,cv2,conv+SiLU fused,0.008704,"/model.6/cv2/conv/Conv + PWN(PWN(/model.6/cv2/act/Sigmoid), PWN(/model.6/cv2/act"
model.6,cv1,conv+SiLU fused,0.008672,"/model.6/cv1/conv/Conv + PWN(PWN(/model.6/cv1/act/Sigmoid), PWN(/model.6/cv1/act"
model.6,m,conv+SiLU fused,0.008416,"/model.6/m.0/cv3/conv/Conv + PWN(PWN(/model.6/m.0/cv3/act/Sigmoid), PWN(/model.6"
model.6,m,conv+SiLU fused,0.008224,"/model.6/m.0/cv2/conv/Conv + PWN(PWN(/model.6/m.0/cv2/act/Sigmoid), PWN(/model.6"
model.6,m,conv+SiLU fused,0.008032,"/model.6/m.0/cv1/conv/Conv + PWN(PWN(/model.6/m.0/cv1/act/Sigmoid), PWN(/model.6"
model.6,m,standalone SiLU,0.006816,"PWN(PWN(PWN(/model.6/m.0/m/m.1/cv2/act/Sigmoid), PWN(/model.6/m.0/m/m.1/cv2/act/"
model.6,m,standalone SiLU,0.006656,"PWN(PWN(PWN(/model.6/m.0/m/m.0/cv2/act/Sigmoid), PWN(/model.6/m.0/m/m.0/cv2/act/"
model.6,Split_output_0,reformat/copy,0.006208,/model.6/Split_output_0 copy
model.6,cv2,reformat/copy,0.006208,/model.6/cv2/act/Mul_output_0 copy
model.6,Split_output_1,reformat/copy,0.006144,/model.6/Split_output_1 copy
model.7,conv,conv+SiLU fused,0.01104,"/model.7/conv/Conv + PWN(PWN(/model.7/act/Sigmoid), PWN(/model.7/act/Mul))"
model.8,m,conv only,0.009568,/model.8/m.0/m/m.0/cv2/conv/Conv
model.8,m,conv+SiLU fused,0.009408,"/model.8/m.0/m/m.0/cv1/conv/Conv + PWN(PWN(/model.8/m.0/m/m.0/cv1/act/Sigmoid), "
model.8,m,conv+SiLU fused,0.009408,"/model.8/m.0/m/m.1/cv1/conv/Conv + PWN(PWN(/model.8/m.0/m/m.1/cv1/act/Sigmoid), "
model.8,m,conv only,0.009184,/model.8/m.0/m/m.1/cv2/conv/Conv
model.8,cv1,conv+SiLU fused,0.008576,"/model.8/cv1/conv/Conv + PWN(PWN(/model.8/cv1/act/Sigmoid), PWN(/model.8/cv1/act"
model.8,cv2,conv+SiLU fused,0.008512,"/model.8/cv2/conv/Conv + PWN(PWN(/model.8/cv2/act/Sigmoid), PWN(/model.8/cv2/act"
model.8,m,conv+SiLU fused,0.008128,"/model.8/m.0/cv2/conv/Conv + PWN(PWN(/model.8/m.0/cv2/act/Sigmoid), PWN(/model.8"
model.8,m,conv+SiLU fused,0.008064,"/model.8/m.0/cv1/conv/Conv + PWN(PWN(/model.8/m.0/cv1/act/Sigmoid), PWN(/model.8"
model.8,m,conv+SiLU fused,0.008032,"/model.8/m.0/cv3/conv/Conv + PWN(PWN(/model.8/m.0/cv3/act/Sigmoid), PWN(/model.8"
model.8,m,standalone SiLU,0.007136,"PWN(PWN(PWN(/model.8/m.0/m/m.1/cv2/act/Sigmoid), PWN(/model.8/m.0/m/m.1/cv2/act/"
model.8,m,standalone SiLU,0.006432,"PWN(PWN(PWN(/model.8/m.0/m/m.0/cv2/act/Sigmoid), PWN(/model.8/m.0/m/m.0/cv2/act/"
model.8,Split_output_0,reformat/copy,0.006112,/model.8/Split_output_0 copy
model.8,Split_output_1,reformat/copy,0.005952,/model.8/Split_output_1 copy
model.9,m,maxpool,0.009472,/model.9/m/MaxPool
model.9,m_2,maxpool,0.009472,/model.9/m_2/MaxPool
model.9,m_1,maxpool,0.00928,/model.9/m_1/MaxPool
model.9,cv2,conv only,0.00912,/model.9/cv2/conv/Conv
model.9,cv1,conv only,0.008256,/model.9/cv1/conv/Conv
model.9,cv2,standalone SiLU,0.0072,"PWN(PWN(PWN(/model.9/cv2/act/Sigmoid), PWN(/model.9/cv2/act/Mul)), PWN(/model.9/"
model.9,cv1,reformat/copy,0.00592,/model.9/cv1/conv/Conv_output_0 copy
model.9,m,reformat/copy,0.00592,/model.9/m/MaxPool_output_0 copy
model.9,m_1,reformat/copy,0.00592,/model.9/m_1/MaxPool_output_0 copy
other/glue,,NMS/decode,0.05808,__myl_Topk_myl183_2
other/glue,,NMS/decode,0.013024,__myl_Topk_myl183_4
other/glue,,NMS/decode,0.006624,__myl_SubAddConcMulReshReshReshConcSigmConcTranSlicMaxrReshSlic_myl183_1
other/glue,,reshape/move,0.006112,__myl_CastReshReshGathCastReplDivNeqXorLtAndAddSeleSubReshCastGathConc_myl183_5
other/glue,,NMS/decode,0.005856,__myl_ReshReshReshConcSlicSlic_myl183_0
other/glue,,reshape/move,0.005856,__myl_CastReshCastGathResh_myl183_3
TOTAL,,189 kernels,1.6017599999999999,
